[
  {
    "id": "a6777e92-f2ca-4aaf-8126-a09be49197ae",
    "data": [
      {
        "text": "can you order ",
        "userDefined": false
      },
      {
        "text": "coke",
        "meta": "@Coke",
        "alias": "Coke",
        "userDefined": true
      },
      {
        "text": " for me",
        "userDefined": false
      }
    ],
    "isTemplate": false,
    "count": 0,
    "lang": "en",
    "updated": 0
  },
  {
    "id": "88c5266f-86c7-4fd9-b0f1-69a48cb7b7c0",
    "data": [
      {
        "text": "can you order cheese ",
        "userDefined": false
      },
      {
        "text": "topping",
        "meta": "@toppings",
        "alias": "toppings",
        "userDefined": true
      },
      {
        "text": " pizza",
        "userDefined": false
      }
    ],
    "isTemplate": false,
    "count": 0,
    "lang": "en",
    "updated": 0
  },
  {
    "id": "d160d784-1d54-4119-8621-3c1f24f278f3",
    "data": [
      {
        "text": "can you order me a ",
        "userDefined": false
      },
      {
        "text": "small",
        "meta": "@size",
        "alias": "size",
        "userDefined": true
      },
      {
        "text": " size pizza",
        "userDefined": false
      }
    ],
    "isTemplate": false,
    "count": 0,
    "lang": "en",
    "updated": 0
  },
  {
    "id": "44f4e055-3ed8-4f2e-b53f-b7d3629e3f58",
    "data": [
      {
        "text": "can you order pizza in the name of mobile number ",
        "userDefined": false
      },
      {
        "text": "6200583578",
        "meta": "@sys.phone-number",
        "alias": "phone-number",
        "userDefined": true
      }
    ],
    "isTemplate": false,
    "count": 0,
    "lang": "en",
    "updated": 0
  },
  {
    "id": "4d54da7e-9ca7-4a67-8657-b02812dc27c7",
    "data": [
      {
        "text": "Can you order pizza in mail id ",
        "userDefined": false
      },
      {
        "text": "aashutoshkumar.mishra98@gmail.com",
        "meta": "@sys.email",
        "alias": "email",
        "userDefined": true
      }
    ],
    "isTemplate": false,
    "count": 0,
    "lang": "en",
    "updated": 0
  },
  {
    "id": "684d6345-2c28-4406-a1b2-f650930a3113",
    "data": [
      {
        "text": "I need to have a pizza",
        "userDefined": false
      }
    ],
    "isTemplate": false,
    "count": 0,
    "lang": "en",
    "updated": 0
  },
  {
    "id": "05165233-8f8e-40de-baf9-70d2aa959be6",
    "data": [
      {
        "text": "I want to order a pizza",
        "userDefined": false
      }
    ],
    "isTemplate": false,
    "count": 0,
    "lang": "en",
    "updated": 0
  },
  {
    "id": "5d1347be-9696-499b-b18d-20b5e28bc920",
    "data": [
      {
        "text": "Please order a pizza for me",
        "userDefined": false
      }
    ],
    "isTemplate": false,
    "count": 0,
    "lang": "en",
    "updated": 0
  },
  {
    "id": "56f008c0-dc58-45cf-9ad9-159152ffc655",
    "data": [
      {
        "text": "can you order a pizza for me?",
        "userDefined": false
      }
    ],
    "isTemplate": false,
    "count": 0,
    "lang": "en",
    "updated": 0
  }
]