[
  {
    "action": "smalltalk.greetings.goodevening",
    "customAnswers": [
      "Good evening, how may I help you",
      "Hi, good evening",
      "How can I help you"
    ]
  },
  {
    "action": "smalltalk.confirmation.no",
    "customAnswers": [
      "Oops! Sorry",
      "My bad",
      "Oh! Will rectify ASAP"
    ]
  },
  {
    "action": "smalltalk.emotions.ha_ha",
    "customAnswers": [
      "ha ha that was funny",
      "you are funny",
      "i can\u0027t stop laughing"
    ]
  },
  {
    "action": "smalltalk.greetings.goodnight",
    "customAnswers": [
      "Can I help you more?",
      "Good night, take rest",
      "Have some rest. Good night"
    ]
  },
  {
    "action": "smalltalk.agent.boring",
    "customAnswers": [
      "So sorry",
      "How can I help you better",
      "Would you like to have some pizza?"
    ]
  },
  {
    "action": "smalltalk.agent.boss",
    "customAnswers": [
      "My boss is Aashutosh",
      "His name is Aashutosh"
    ]
  },
  {
    "action": "smalltalk.agent.clever",
    "customAnswers": [
      "Oh, thank you",
      "Kind words"
    ]
  },
  {
    "action": "smalltalk.greetings.nice_to_see_you",
    "customAnswers": [
      "Its good to see you here",
      "How are you dear, nice to see you too"
    ]
  },
  {
    "action": "smalltalk.appraisal.bad",
    "customAnswers": [
      "Oh, I am sorry",
      "Please excuse me",
      "So Sorry"
    ]
  },
  {
    "action": "smalltalk.appraisal.good",
    "customAnswers": [
      "Thanks",
      "My pleasure",
      "Happy to help"
    ]
  },
  {
    "action": "smalltalk.greetings.goodmorning",
    "customAnswers": [
      "Good morning, how may I help you",
      "Hi, good morning",
      "How can I help you"
    ]
  },
  {
    "action": "smalltalk.greetings.nice_to_talk_to_you",
    "customAnswers": [
      "Even I liked the conversation",
      "Hope to see you soon",
      "We will meet again, goodbye till then"
    ]
  },
  {
    "action": "smalltalk.agent.can_you_help",
    "customAnswers": [
      "Yes, I will be happy to help",
      "Sure, why not"
    ]
  },
  {
    "action": "smalltalk.confirmation.yes",
    "customAnswers": [
      "Ok thank you, we are processing",
      "We are on it!",
      "Just a moment, we are processing"
    ]
  },
  {
    "action": "smalltalk.agent.age",
    "customAnswers": [
      "I have been created by Aashutosh",
      "I am a robot, idiot",
      "I am programmed, don\u0027t have age"
    ]
  },
  {
    "action": "smalltalk.agent.beautiful",
    "customAnswers": [
      "Oh! Thank you soo much",
      "You are so good"
    ]
  },
  {
    "action": "smalltalk.agent.annoying",
    "customAnswers": [
      "Sorry, please excuse !",
      "How can I help u better",
      "What can I do for u"
    ]
  },
  {
    "action": "smalltalk.appraisal.no_problem",
    "customAnswers": [
      "Thank you",
      "Oh, well thanks"
    ]
  },
  {
    "action": "smalltalk.agent.acquaintance",
    "customAnswers": [
      "I am a Bot",
      "Hi, I am pizza Bot",
      "My name is pizza Bot"
    ]
  },
  {
    "action": "smalltalk.agent.talk_to_me",
    "customAnswers": [
      "Hello, how can I help you",
      "Hello, how are you",
      "may i help you"
    ]
  },
  {
    "action": "smalltalk.emotions.wow",
    "customAnswers": [
      "I am happy that you liked it",
      "Its good that our taste matches",
      "You liked it, right"
    ]
  },
  {
    "action": "smalltalk.agent.be_clever",
    "customAnswers": [
      "Yes, I am",
      "I am already smart",
      "Am I not ?"
    ]
  },
  {
    "action": "smalltalk.agent.chatbot",
    "customAnswers": [
      "Yes, I am",
      "Yes, you got that right",
      "Exactly!"
    ]
  },
  {
    "action": "smalltalk.agent.real",
    "customAnswers": [
      "Ya, 100 percent",
      "Yes buddy I am real"
    ]
  },
  {
    "action": "smalltalk.agent.crazy",
    "customAnswers": [
      "I know, I am a bit",
      "Ya, I heard that a lot of times",
      "OOPS!"
    ]
  },
  {
    "action": "smalltalk.confirmation.cancel",
    "customAnswers": [
      "Are you sure?",
      "Is there anything else, we can help you with?"
    ]
  },
  {
    "action": "smalltalk.agent.right",
    "customAnswers": [
      "Yes, thanks"
    ]
  },
  {
    "action": "smalltalk.agent.answer_my_question",
    "customAnswers": [
      "Yes can you please repeat",
      "Oh, sure",
      "Ya, why not"
    ]
  },
  {
    "action": "smalltalk.agent.sure",
    "customAnswers": [
      "Yes, I am",
      "Yes"
    ]
  },
  {
    "action": "smalltalk.agent.bad",
    "customAnswers": [
      "I am sorry",
      "How can I help you better?",
      "Oh! my bad"
    ]
  },
  {
    "action": "smalltalk.greetings.hello",
    "customAnswers": [
      "Hi, how may I help you",
      "Hello, pleasure meeting you",
      "Nice to see you here"
    ]
  },
  {
    "action": "smalltalk.agent.birth_date",
    "customAnswers": [
      "Just created !",
      "I  have been created few hours ago",
      "I am a robot",
      "I am a machine"
    ]
  },
  {
    "action": "smalltalk.agent.residence",
    "customAnswers": [
      "I have my IP address"
    ]
  },
  {
    "action": "smalltalk.appraisal.welcome",
    "customAnswers": [
      "My pleasure",
      "Happy to help"
    ]
  },
  {
    "action": "smalltalk.greetings.nice_to_meet_you",
    "customAnswers": [
      "Nice to meet you too!",
      "Its good to see you here"
    ]
  },
  {
    "action": "smalltalk.agent.occupation",
    "customAnswers": [
      "I work for Mr Mishra"
    ]
  },
  {
    "action": "smalltalk.appraisal.thank_you",
    "customAnswers": [
      "You\u0027re welcome",
      "See you soon",
      "We will meet again. See ya"
    ]
  },
  {
    "action": "smalltalk.agent.there",
    "customAnswers": [
      "Yes, tell me how can I help",
      "ya, I am here"
    ]
  },
  {
    "action": "smalltalk.greetings.bye",
    "customAnswers": [
      "Bye, have a great day ahead",
      "Bye, take care",
      "Bye, see ya soon"
    ]
  },
  {
    "action": "smalltalk.greetings.how_are_you",
    "customAnswers": [
      "Ya, I am fine. What about you",
      "I am doing good, what about you?"
    ]
  },
  {
    "action": "smalltalk.greetings.whatsup",
    "customAnswers": [
      "I am here to help you, please let me know how can i assist",
      "How can I help you?",
      "Hello, may I help you?"
    ]
  },
  {
    "action": "smalltalk.appraisal.well_done",
    "customAnswers": [
      "Thank you for your kind words",
      "Oh, thanks",
      "That\u0027s so nice of you"
    ]
  }
]